<publishData>
  <publishTarget publishUrl="e:\tmp\MvcCrud\Example\">
    <file relUrl="Properties/AssemblyInfo.cs" publishTime="04/24/2009 16:05:22" />
    <file relUrl="Scripts/css/redmond/jquery-ui-1.7.1.custom.css" publishTime="09/07/2009 11:59:18" />
    <file relUrl="Global.asax" publishTime="04/24/2009 16:05:22" />
    <file relUrl="Scripts/i18n/grid.locale-en.js" publishTime="09/07/2009 10:44:12" />
    <file relUrl="Views/Home/Update.aspx" publishTime="11/18/2009 13:24:14" />
    <file relUrl="Scripts/i18n/grid.locale-fr.js" publishTime="09/07/2009 10:44:12" />
    <file relUrl="Scripts/i18n/grid.locale-it.js" publishTime="09/07/2009 10:44:12" />
    <file relUrl="Scripts/css/redmond/images/ui-icons_6da8d5_256x240.png" publishTime="09/07/2009 11:59:18" />
    <file relUrl="Controllers/AccountController.cs" publishTime="04/24/2009 16:05:22" />
    <file relUrl="Views/Shared/Site.Master" publishTime="08/28/2009 16:18:50" />
    <file relUrl="Scripts/css/redmond/images/ui-icons_469bdd_256x240.png" publishTime="09/07/2009 11:59:18" />
    <file relUrl="bin/Example.dll" publishTime="04/19/2010 16:06:10" />
    <file relUrl="Views/Category/Details.aspx" publishTime="04/27/2009 13:51:34" />
    <file relUrl="Views/Shared/Error.aspx" publishTime="04/24/2009 16:05:22" />
    <file relUrl="Web.config" publishTime="04/24/2009 16:56:18" />
    <file relUrl="Scripts/i18n/grid.locale-sp.js" publishTime="09/07/2009 10:44:12" />
    <file relUrl="Scripts/css/redmond/images/ui-bg_flat_55_fbec88_40x100.png" publishTime="09/07/2009 11:59:18" />
    <file relUrl="Scripts/css/ui.jqgrid.css" publishTime="09/07/2009 12:04:56" />
    <file relUrl="Content/Site.css" publishTime="09/07/2009 14:32:14" />
    <file relUrl="Models/Example.designer.cs" publishTime="01/01/2007 12:26:54" />
    <file relUrl="Scripts/css/redmond/images/ui-icons_f9bd01_256x240.png" publishTime="09/07/2009 11:59:18" />
    <file relUrl="Scripts/i18n/grid.locale-no.js" publishTime="09/07/2009 10:44:12" />
    <file relUrl="Scripts/css/redmond/images/ui-icons_cd0a0a_256x240.png" publishTime="09/07/2009 11:59:18" />
    <file relUrl="Views/Category/CreateEdit.ascx" publishTime="04/24/2009 17:02:56" />
    <file relUrl="Views/Account/ChangePasswordSuccess.aspx" publishTime="04/24/2009 16:05:22" />
    <file relUrl="Views/Category/Create.aspx" publishTime="04/24/2009 17:02:06" />
    <file relUrl="Scripts/MicrosoftAjax.debug.js" publishTime="04/24/2009 16:05:22" />
    <file relUrl="Scripts/css/redmond/images/ui-bg_gloss-wave_55_5c9ccc_500x100.png" publishTime="09/07/2009 11:59:18" />
    <file relUrl="Scripts/MicrosoftAjax.js" publishTime="04/24/2009 16:05:22" />
    <file relUrl="Scripts/css/redmond/images/ui-bg_inset-hard_100_f5f8f9_1x100.png" publishTime="09/07/2009 11:59:18" />
    <file relUrl="Scripts/MicrosoftMvcAjax.debug.js" publishTime="04/24/2009 16:05:22" />
    <file relUrl="Views/Product/Index.aspx" publishTime="04/14/2010 10:53:14" />
    <file relUrl="Scripts/jquery.jqGrid.min.js" publishTime="09/07/2009 12:02:50" />
    <file relUrl="Scripts/css/redmond/images/ui-icons_2e83ff_256x240.png" publishTime="09/07/2009 11:59:18" />
    <file relUrl="App_Data/Example_log.ldf" publishTime="04/19/2010 16:12:42" />
    <file relUrl="Scripts/i18n/grid.locale-cs.js" publishTime="09/07/2009 10:44:12" />
    <file relUrl="Controllers/ProductController.cs" publishTime="09/23/2009 18:43:06" />
    <file relUrl="Views/Category/Index.aspx" publishTime="09/04/2009 15:27:36" />
    <file relUrl="Example.csproj" publishTime="01/01/2007 12:29:56" />
    <file relUrl="Views/Product/CreateEdit.ascx" publishTime="09/07/2009 19:04:02" />
    <file relUrl="Views/Home/Index.aspx" publishTime="04/24/2009 16:05:22" />
    <file relUrl="bin/Softwarehouse.MvcCrud.pdb" publishTime="04/19/2010 15:59:03" />
    <file relUrl="Scripts/i18n/grid.locale-jp.js" publishTime="09/07/2009 10:44:12" />
    <file relUrl="Models/Example.dbml" publishTime="01/01/2007 12:26:52" />
    <file relUrl="Controllers/HomeController.cs" publishTime="04/19/2010 15:55:36" />
    <file relUrl="Views/Account/Register.aspx" publishTime="04/24/2009 16:05:22" />
    <file relUrl="Scripts/i18n/grid.locale-tr.js" publishTime="09/07/2009 10:44:12" />
    <file relUrl="Scripts/i18n/grid.locale-is.js" publishTime="09/07/2009 10:44:12" />
    <file relUrl="Scripts/i18n/grid.locale-el.js" publishTime="09/07/2009 10:44:12" />
    <file relUrl="Scripts/i18n/grid.locale-ru.js" publishTime="09/07/2009 10:44:12" />
    <file relUrl="Scripts/i18n/grid.locale-de.js" publishTime="09/07/2009 10:44:12" />
    <file relUrl="Scripts/css/redmond/images/ui-bg_flat_0_aaaaaa_40x100.png" publishTime="09/07/2009 11:59:18" />
    <file relUrl="Models/ComponentRepository.cs" publishTime="04/19/2010 15:50:23" />
    <file relUrl="Controllers/CategoryController.cs" publishTime="09/08/2009 19:29:54" />
    <file relUrl="Global.asax.cs" publishTime="11/18/2009 13:19:08" />
    <file relUrl="Default.aspx.cs" publishTime="04/24/2009 16:05:22" />
    <file relUrl="Views/Web.config" publishTime="04/24/2009 16:05:22" />
    <file relUrl="Views/Account/ChangePassword.aspx" publishTime="04/24/2009 16:05:22" />
    <file relUrl="Scripts/i18n/grid.locale-pt-br.js" publishTime="09/07/2009 10:44:12" />
    <file relUrl="Models/CategoryRepository.cs" publishTime="09/07/2009 19:58:34" />
    <file relUrl="Scripts/css/redmond/images/ui-bg_glass_85_dfeffc_1x400.png" publishTime="09/07/2009 11:59:18" />
    <file relUrl="Default.aspx" publishTime="04/24/2009 16:05:22" />
    <file relUrl="Scripts/i18n/grid.locale-ua.js" publishTime="09/07/2009 10:44:12" />
    <file relUrl="Scripts/MicrosoftMvcAjax.js" publishTime="04/24/2009 16:05:22" />
    <file relUrl="Example.csproj.user" publishTime="01/01/2007 12:29:56" />
    <file relUrl="Views/Category/Edit.aspx" publishTime="04/24/2009 17:02:06" />
    <file relUrl="Views/Product/Create.aspx" publishTime="04/27/2009 16:54:02" />
    <file relUrl="Views/Shared/LogOnUserControl.ascx" publishTime="04/24/2009 16:05:22" />
    <file relUrl="Scripts/css/redmond/images/ui-icons_217bc0_256x240.png" publishTime="09/07/2009 11:59:18" />
    <file relUrl="Scripts/i18n/grid.locale-fi.js" publishTime="09/07/2009 10:44:12" />
    <file relUrl="App_Data/Example.mdf" publishTime="04/19/2010 16:12:42" />
    <file relUrl="Models/ProductRepository.cs" publishTime="04/19/2010 16:06:09" />
    <file relUrl="Scripts/i18n/grid.locale-sv.js" publishTime="09/07/2009 10:44:12" />
    <file relUrl="Scripts/i18n/grid.locale-dk.js" publishTime="09/07/2009 10:44:12" />
    <file relUrl="bin/Softwarehouse.MvcCrud.dll" publishTime="04/19/2010 15:59:03" />
    <file relUrl="Scripts/i18n/grid.locale-pt.js" publishTime="09/07/2009 10:44:12" />
    <file relUrl="Scripts/css/redmond/images/ui-bg_glass_75_d0e5f5_1x400.png" publishTime="09/07/2009 11:59:18" />
    <file relUrl="Scripts/css/redmond/images/ui-bg_glass_95_fef1ec_1x400.png" publishTime="09/07/2009 11:59:18" />
    <file relUrl="Views/Product/Details.aspx" publishTime="04/27/2009 16:53:10" />
    <file relUrl="Views/Home/About.aspx" publishTime="04/24/2009 16:05:22" />
    <file relUrl="Views/Product/Edit.aspx" publishTime="09/23/2009 18:41:30" />
    <file relUrl="Scripts/i18n/grid.locale-bg.js" publishTime="09/07/2009 10:44:12" />
    <file relUrl="Scripts/i18n/grid.locale-cat.js" publishTime="09/07/2009 10:44:12" />
    <file relUrl="Scripts/i18n/grid.locale-pl.js" publishTime="09/07/2009 10:44:12" />
    <file relUrl="Controllers/ConfigRepository.cs" publishTime="11/18/2009 13:45:46" />
    <file relUrl="Scripts/css/redmond/images/ui-icons_d8e7f3_256x240.png" publishTime="09/07/2009 11:59:18" />
    <file relUrl="bin/Example.pdb" publishTime="04/19/2010 16:06:10" />
    <file relUrl="Views/Account/LogOn.aspx" publishTime="04/24/2009 16:05:22" />
    <file relUrl="Scripts/i18n/grid.locale-fa.js" publishTime="09/07/2009 10:44:12" />
    <file relUrl="Scripts/i18n/grid.locale-nl.js" publishTime="09/07/2009 10:44:12" />
    <file relUrl="Scripts/i18n/grid.locale-bg1251.js" publishTime="09/07/2009 10:44:12" />
    <file relUrl="Models/Example.dbml.layout" publishTime="01/01/2007 12:26:52" />
    <file relUrl="Scripts/jquery-1.3.2.min.js" publishTime="09/07/2009 10:44:06" />
    <file relUrl="Scripts/css/redmond/images/ui-bg_inset-hard_100_fcfdfd_1x100.png" publishTime="09/07/2009 11:59:18" />
  </publishTarget>
  <publishTarget publishUrl="C:\tmp\MvcCrud\Example\">
    <file relUrl="Properties/AssemblyInfo.cs" publishTime="04/24/2009 16:05:21" />
    <file relUrl="Scripts/css/redmond/jquery-ui-1.7.1.custom.css" publishTime="09/07/2009 11:59:16" />
    <file relUrl="Global.asax" publishTime="04/24/2009 16:05:21" />
    <file relUrl="Models/Example.dbml" publishTime="09/23/2009 17:57:39" />
    <file relUrl="Scripts/i18n/grid.locale-en.js" publishTime="09/07/2009 10:44:10" />
    <file relUrl="Scripts/MicrosoftMvcAjax.js" publishTime="04/24/2009 16:05:21" />
    <file relUrl="Scripts/i18n/grid.locale-it.js" publishTime="09/07/2009 10:44:10" />
    <file relUrl="Scripts/css/redmond/images/ui-icons_6da8d5_256x240.png" publishTime="09/07/2009 11:59:16" />
    <file relUrl="Controllers/AccountController.cs" publishTime="04/24/2009 16:05:21" />
    <file relUrl="Views/Shared/Site.Master" publishTime="08/28/2009 16:18:48" />
    <file relUrl="Scripts/css/redmond/images/ui-icons_469bdd_256x240.png" publishTime="09/07/2009 11:59:16" />
    <file relUrl="Views/Category/Details.aspx" publishTime="04/27/2009 13:51:33" />
    <file relUrl="Views/Shared/Error.aspx" publishTime="04/24/2009 16:05:21" />
    <file relUrl="Web.config" publishTime="04/24/2009 16:56:16" />
    <file relUrl="Scripts/i18n/grid.locale-sp.js" publishTime="09/07/2009 10:44:10" />
    <file relUrl="Scripts/css/redmond/images/ui-bg_flat_55_fbec88_40x100.png" publishTime="09/07/2009 11:59:16" />
    <file relUrl="Scripts/css/ui.jqgrid.css" publishTime="09/07/2009 12:04:55" />
    <file relUrl="Content/Site.css" publishTime="09/07/2009 14:32:12" />
    <file relUrl="Views/Category/Create.aspx" publishTime="04/24/2009 17:02:05" />
    <file relUrl="Models/Example.designer.cs" publishTime="09/23/2009 17:57:39" />
    <file relUrl="Scripts/css/redmond/images/ui-icons_f9bd01_256x240.png" publishTime="09/07/2009 11:59:16" />
    <file relUrl="Scripts/i18n/grid.locale-no.js" publishTime="09/07/2009 10:44:10" />
    <file relUrl="Scripts/css/redmond/images/ui-icons_cd0a0a_256x240.png" publishTime="09/07/2009 11:59:16" />
    <file relUrl="Views/Category/CreateEdit.ascx" publishTime="04/24/2009 17:02:55" />
    <file relUrl="Views/Account/ChangePasswordSuccess.aspx" publishTime="04/24/2009 16:05:21" />
    <file relUrl="Views/Home/Index.aspx" publishTime="04/24/2009 16:05:21" />
    <file relUrl="Scripts/MicrosoftAjax.debug.js" publishTime="04/24/2009 16:05:21" />
    <file relUrl="Scripts/css/redmond/images/ui-bg_gloss-wave_55_5c9ccc_500x100.png" publishTime="09/07/2009 11:59:16" />
    <file relUrl="Scripts/MicrosoftAjax.js" publishTime="04/24/2009 16:05:21" />
    <file relUrl="Scripts/i18n/grid.locale-pl.js" publishTime="09/07/2009 10:44:10" />
    <file relUrl="Scripts/MicrosoftMvcAjax.debug.js" publishTime="04/24/2009 16:05:21" />
    <file relUrl="Views/Product/Index.aspx" publishTime="08/31/2009 13:19:19" />
    <file relUrl="Views/Category/Edit.aspx" publishTime="04/24/2009 17:02:04" />
    <file relUrl="Scripts/css/redmond/images/ui-icons_2e83ff_256x240.png" publishTime="09/07/2009 11:59:16" />
    <file relUrl="App_Data/Example_log.ldf" publishTime="09/23/2009 18:53:42" />
    <file relUrl="Scripts/i18n/grid.locale-cs.js" publishTime="09/07/2009 10:44:10" />
    <file relUrl="Views/Category/Index.aspx" publishTime="09/04/2009 15:27:35" />
    <file relUrl="Example.csproj" publishTime="09/23/2009 18:40:46" />
    <file relUrl="Views/Product/CreateEdit.ascx" publishTime="09/07/2009 19:04:00" />
    <file relUrl="Scripts/i18n/grid.locale-jp.js" publishTime="09/07/2009 10:44:10" />
    <file relUrl="bin/Softwarehouse.MvcCrud.pdb" publishTime="09/23/2009 18:45:46" />
    <file relUrl="Controllers/HomeController.cs" publishTime="04/24/2009 16:05:21" />
    <file relUrl="Views/Account/Register.aspx" publishTime="04/24/2009 16:05:21" />
    <file relUrl="Scripts/i18n/grid.locale-is.js" publishTime="09/07/2009 10:44:10" />
    <file relUrl="Scripts/i18n/grid.locale-el.js" publishTime="09/07/2009 10:44:10" />
    <file relUrl="Scripts/i18n/grid.locale-de.js" publishTime="09/07/2009 10:44:10" />
    <file relUrl="Scripts/css/redmond/images/ui-bg_flat_0_aaaaaa_40x100.png" publishTime="09/07/2009 11:59:16" />
    <file relUrl="Models/ComponentRepository.cs" publishTime="09/23/2009 18:40:46" />
    <file relUrl="Controllers/CategoryController.cs" publishTime="09/08/2009 19:29:52" />
    <file relUrl="Global.asax.cs" publishTime="09/23/2009 18:42:15" />
    <file relUrl="Scripts/jquery.jqGrid.min.js" publishTime="09/07/2009 12:02:48" />
    <file relUrl="Default.aspx.cs" publishTime="04/24/2009 16:05:21" />
    <file relUrl="Views/Web.config" publishTime="04/24/2009 16:05:21" />
    <file relUrl="Scripts/i18n/grid.locale-pt-br.js" publishTime="09/07/2009 10:44:10" />
    <file relUrl="Scripts/css/redmond/images/ui-bg_inset-hard_100_fcfdfd_1x100.png" publishTime="09/07/2009 11:59:16" />
    <file relUrl="Models/CategoryRepository.cs" publishTime="09/07/2009 19:58:33" />
    <file relUrl="Scripts/css/redmond/images/ui-bg_glass_85_dfeffc_1x400.png" publishTime="09/07/2009 11:59:16" />
    <file relUrl="Default.aspx" publishTime="04/24/2009 16:05:21" />
    <file relUrl="Scripts/i18n/grid.locale-ua.js" publishTime="09/07/2009 10:44:10" />
    <file relUrl="Views/Account/ChangePassword.aspx" publishTime="04/24/2009 16:05:21" />
    <file relUrl="Example.csproj.user" publishTime="09/23/2009 18:40:46" />
    <file relUrl="Views/Product/Create.aspx" publishTime="04/27/2009 16:54:01" />
    <file relUrl="Views/Shared/LogOnUserControl.ascx" publishTime="04/24/2009 16:05:21" />
    <file relUrl="Scripts/css/redmond/images/ui-icons_217bc0_256x240.png" publishTime="09/07/2009 11:59:16" />
    <file relUrl="Scripts/i18n/grid.locale-fi.js" publishTime="09/07/2009 10:44:10" />
    <file relUrl="App_Data/Example.mdf" publishTime="09/23/2009 18:53:42" />
    <file relUrl="bin/Example.dll" publishTime="09/23/2009 18:51:14" />
    <file relUrl="Scripts/i18n/grid.locale-sv.js" publishTime="09/07/2009 10:44:10" />
    <file relUrl="Scripts/i18n/grid.locale-dk.js" publishTime="09/07/2009 10:44:10" />
    <file relUrl="bin/Softwarehouse.MvcCrud.dll" publishTime="09/23/2009 18:45:46" />
    <file relUrl="Scripts/i18n/grid.locale-pt.js" publishTime="09/07/2009 10:44:10" />
    <file relUrl="Scripts/css/redmond/images/ui-bg_glass_75_d0e5f5_1x400.png" publishTime="09/07/2009 11:59:16" />
    <file relUrl="Scripts/css/redmond/images/ui-bg_glass_95_fef1ec_1x400.png" publishTime="09/07/2009 11:59:16" />
    <file relUrl="Views/Product/Details.aspx" publishTime="04/27/2009 16:53:09" />
    <file relUrl="Scripts/i18n/grid.locale-cat.js" publishTime="09/07/2009 10:44:10" />
    <file relUrl="Views/Home/About.aspx" publishTime="04/24/2009 16:05:21" />
    <file relUrl="Views/Product/Edit.aspx" publishTime="09/23/2009 18:41:29" />
    <file relUrl="Scripts/i18n/grid.locale-bg.js" publishTime="09/07/2009 10:44:10" />
    <file relUrl="Controllers/ProductController.cs" publishTime="09/23/2009 18:43:04" />
    <file relUrl="Scripts/i18n/grid.locale-tr.js" publishTime="09/07/2009 10:44:10" />
    <file relUrl="Scripts/i18n/grid.locale-fr.js" publishTime="09/07/2009 10:44:10" />
    <file relUrl="Scripts/css/redmond/images/ui-icons_d8e7f3_256x240.png" publishTime="09/07/2009 11:59:16" />
    <file relUrl="bin/Example.pdb" publishTime="09/23/2009 18:51:14" />
    <file relUrl="Models/ProductRepository.cs" publishTime="09/23/2009 18:51:13" />
    <file relUrl="Views/Account/LogOn.aspx" publishTime="04/24/2009 16:05:21" />
    <file relUrl="Scripts/i18n/grid.locale-fa.js" publishTime="09/07/2009 10:44:10" />
    <file relUrl="Models/Example.dbml.layout" publishTime="09/23/2009 17:57:39" />
    <file relUrl="Scripts/i18n/grid.locale-nl.js" publishTime="09/07/2009 10:44:10" />
    <file relUrl="Scripts/i18n/grid.locale-bg1251.js" publishTime="09/07/2009 10:44:10" />
    <file relUrl="Scripts/css/redmond/images/ui-bg_inset-hard_100_f5f8f9_1x100.png" publishTime="09/07/2009 11:59:16" />
    <file relUrl="Scripts/jquery-1.3.2.min.js" publishTime="09/07/2009 10:44:05" />
    <file relUrl="Scripts/i18n/grid.locale-ru.js" publishTime="09/07/2009 10:44:10" />
  </publishTarget>
</publishData>